product_id,name,price,quantity,description,date_added
1,Leather Horse Saddle,59.99,3,Premium leather saddle,2026-09-30
2,Riding Helmet,89.99,8,Safety helmet,2026-09-30
4,Leather Horse Saddle,299.99,3,Premium leather saddle,2026-09-30
5,Riding Helmet,89.99,8,Safety helmet,2026-09-30
6,Riding Gloves,24.99,15,Leather gloves,2026-09-30
7,Jodhpurs,54.99,12,Classic riding pants,2026-09-30
8,Waterproof Jacket,89.99,8,Weather-resistant riding jacket,2026-09-30
9,Riding Goggles,19.99,20,Protective riding goggles,2026-09-30
10,Thick Riding Socks,9.99,35,Durable equestrian socks,2026-09-30
